experiment_id,condition,requested_iodepth,jobname,source_type,raw_artifact_available,iops,bw_bytes_per_sec,mean_total_latency_us,p50_clat_us,p95_clat_us,p99_clat_us,p999_clat_us,max_total_latency_ms,achieved_qd1_pct,achieved_qd2_pct,notes
EXP001,QD1,1,exp001-seq-read,documented_console_and_EXP001_report,false,4823.317668,632201893,205.253525996,173.056,207.872,292.864,692.224,4.424246,100.0,,Legacy observation before Protocol v2; original raw artifact was overwritten by a later repeat run.
EXP003,QD1,1,exp001-seq-read,repeat_run_console,true,2368.1,310386778,417.0,,,,,,,,Legacy repeat observation; complete raw JSON preserved locally as data/raw/exp003.json.
EXP005,QD1,1,exp005-seq-read-qd1,protocol_v2_runner,true,3564.4,467198745,278.4,,,,,,,,Protocol v2 QD1 replicate 1; raw JSON and metadata sidecar preserved locally.
EXP007,QD1,1,exp007-seq-read-qd1,protocol_v2_runner,true,1834.1,240401329,539.3,,,,,,,,Protocol v2 QD1 replicate 2; raw JSON and metadata sidecar preserved locally.
EXP009,QD1,1,exp009-seq-read-qd1,protocol_v2_runner,true,1783.8,233809067,554.6,,,,,,,,Protocol v2 QD1 replicate 3; raw JSON and metadata sidecar preserved locally.
EXP011,QD1,1,exp011-seq-read-qd1,protocol_v2_runner,true,2674.8,350595647,371.3,,,,,,,,Protocol v2 QD1 replicate 4; raw JSON and metadata sidecar preserved locally.
EXP013,QD1,1,exp013-seq-read-qd1,protocol_v2_runner,true,1765.1,231358265,560.4,,,,,,,,Protocol v2 QD1 replicate 5; raw JSON and metadata sidecar preserved locally.
EXP002,QD2,2,exp002-seq-read-qd2,documented_console_and_EXP002_result,false,4332.266773,567838870,440.430282,366.592,544.768,700.416,1122.304,8.530659,16.273917,83.726083,Legacy observation before Protocol v2; original raw artifact was overwritten by a later repeat run. Achieved iodepth distribution was explicitly observed.
EXP004,QD2,2,exp004-seq-read-qd2,repeat_run_console,true,4484.7,587812245,429.9,,,,,,,,Legacy repeat observation; complete raw JSON preserved locally as data/raw/exp004.json.
EXP006,QD2,2,exp006-seq-read-qd2,protocol_v2_runner,true,4450.0,583264502,438.0,,,,,,,,Protocol v2 QD2 replicate 1; raw JSON and metadata sidecar preserved locally.
EXP008,QD2,2,exp008-seq-read-qd2,protocol_v2_runner,true,4430.8,580748171,442.3,,,,,,,,Protocol v2 QD2 replicate 2; raw JSON and metadata sidecar preserved locally.
EXP010,QD2,2,exp010-seq-read-qd2,protocol_v2_runner,true,4117.3,539661208,472.7,,,,,,,,Protocol v2 QD2 replicate 3; raw JSON and metadata sidecar preserved locally.
EXP012,QD2,2,exp012-seq-read-qd2,protocol_v2_runner,true,5064.8,663852616,391.6,,,,,,,,Protocol v2 QD2 replicate 4; raw JSON and metadata sidecar preserved locally.
EXP014,QD2,2,exp014-seq-read-qd2,protocol_v2_runner,true,3705.2,485651838,524.1,,,,,,,,Protocol v2 QD2 replicate 5; raw JSON and metadata sidecar preserved locally.
EXP015,QD2,2,exp015-seq-read-qd2,protocol_v3_runner,true,4729.5,619908569,419.2,,,,,,,,Protocol v3 QD2 block 1 within-block order 1; raw JSON and metadata sidecar preserved locally.
EXP016,QD1,1,exp016-seq-read-qd1,protocol_v3_runner,true,2534.0,332142555,392.2,,,,,,,,Protocol v3 QD1 block 1 within-block order 2; raw JSON and metadata sidecar preserved locally.
EXP017,QD1,1,exp017-seq-read-qd1,protocol_v3_runner,true,2551.5,334436085,389.6,,,,,,,,Protocol v3 QD1 block 2 within-block order 1; raw JSON and metadata sidecar preserved locally.
EXP018,QD2,2,exp018-seq-read-qd2,protocol_v3_runner,true,4814.9,631100998,412.4,,,,,,,,Protocol v3 QD2 block 2 within-block order 2; raw JSON and metadata sidecar preserved locally.
EXP019,QD2,2,exp019-seq-read-qd2,protocol_v3_runner,true,4810.1,630471916,412.8,,,,,,,,Protocol v3 QD2 block 3 within-block order 1; raw JSON and metadata sidecar preserved locally.
EXP020,QD1,1,exp020-seq-read-qd1,protocol_v3_runner,true,2564.6,336152957,387.6,,,,,,,,Protocol v3 QD1 block 3 within-block order 2; raw JSON and metadata sidecar preserved locally.
EXP021,QD1,1,exp021-seq-read-qd1,protocol_v3_runner,true,2432.3,318800759,408.7,,,,,,,,Protocol v3 QD1 block 4 within-block order 1; raw JSON and metadata sidecar preserved locally.
EXP022,QD2,2,exp022-seq-read-qd2,protocol_v3_runner,true,4861.1,637155919,408.7,,,,,,,,Protocol v3 QD2 block 4 within-block order 2; raw JSON and metadata sidecar preserved locally.
EXP023,QD2,2,exp023-seq-read-qd2,protocol_v3_runner,true,3934.6,515716748,496.3,,,,,,,,Protocol v3 QD2 block 5 within-block order 1; raw JSON and metadata sidecar preserved locally.
